[{"uuid": "f47c4295-dcac-409c-ab07-1c7a049fcc7c", "name": "KvK demo", "internal_name": "", "login_required": false, "registration_backend": "", "registration_backend_options": {}, "authentication_backends": [], "payment_required": false, "payment_backend": "", "payment_backend_options": {}, "literals": {"previous_text": {"resolved": "Terug", "value": ""}, "begin_text": {"resolved": "Start", "value": ""}, "change_text": {"resolved": "Wijzigen", "value": ""}, "confirm_text": {"resolved": "Bevestigen", "value": ""}}, "product": null, "slug": "kvk-demo", "url": "http://localhost/api/v1/forms/f47c4295-dcac-409c-ab07-1c7a049fcc7c", "steps": [{"uuid": "84f4f864-2f78-4457-94e5-e8033b3b443d", "slug": "kvk-gegevens", "form_definition": "KvK Gegevens", "index": 0, "literals": {"previous_text": {"resolved": "Vorige stap", "value": ""}, "save_text": {"resolved": "Pauzeren", "value": ""}, "next_text": {"resolved": "Volgende", "value": ""}}, "url": "http://localhost/api/v1/forms/f47c4295-dcac-409c-ab07-1c7a049fcc7c/steps/84f4f864-2f78-4457-94e5-e8033b3b443d"}], "show_progress_indicator": true, "maintenance_mode": false, "active": true, "is_deleted": false, "submission_confirmation_template": "", "explanation_template": "", "submission_allowed": "yes", "submissions_removal_options": {"successful_submissions_removal_limit": null, "successful_submissions_removal_method": "", "incomplete_submissions_removal_limit": null, "incomplete_submissions_removal_method": "", "errored_submissions_removal_limit": null, "errored_submissions_removal_method": "", "all_submissions_removal_limit": null}, "confirmation_email_template": {"subject": "", "content": ""}, "confirmation_email_option": "global_email"}]