[{"url": "http://localhost/api/v1/form-definitions/c7b1a846-a5a5-49ce-a090-b29b732a7dad", "uuid": "c7b1a846-a5a5-49ce-a090-b29b732a7dad", "name": "Persoonsgegevens", "internal_name": "", "slug": "voorbeeld-persoonsgegevens", "configuration": {"display": "form", "components": [{"id": "ek1e0mb", "key": "voornaam", "mask": false, "type": "textfield", "input": true, "label": "Voornaam", "hidden": false, "prefix": "", "suffix": "", "unique": false, "widget": {"type": "input"}, "dbIndex": false, "overlay": {"top": "", "left": "", "style": "", "width": "", "height": ""}, "prefill": {"plugin": "", "attribute": ""}, "tooltip": "", "disabled": false, "multiple": false, "redrawOn": "", "tabindex": "", "validate": {"custom": "", "unique": false, "pattern": "", "plugins": [], "multiple": false, "required": false, "maxLength": "", "minLength": "", "customPrivate": false, "strictDateValidation": false}, "autofocus": false, "encrypted": false, "hideLabel": false, "inputMask": "", "inputType": "text", "modalEdit": false, "protected": false, "refreshOn": "", "tableView": true, "attributes": {}, "deriveCity": false, "errorLabel": "", "persistent": true, "properties": {}, "spellcheck": true, "validateOn": "change", "clearOnHide": true, "conditional": {"eq": "", "show": null, "when": null}, "customClass": "", "description": "Uw eerste voornaam zoals in uw paspoort staat vermeld", "inputFormat": "plain", "placeholder": "", "showInEmail": true, "defaultValue": "", "registration": {"attribute": ""}, "dataGridLabel": false, "labelPosition": "top", "showCharCount": false, "showWordCount": false, "calculateValue": "", "derivePostcode": "", "calculateServer": false, "isSensitiveData": false, "deriveStreetName": false, "deriveHouseNumber": "", "allowMultipleMasks": false, "customDefaultValue": "", "allowCalculateOverride": false}, {"id": "exgnvhrj", "key": "eMail", "mask": false, "type": "textfield", "input": true, "label": "E-mail", "hidden": false, "prefix": "", "suffix": "", "unique": false, "widget": {"type": "input"}, "dbIndex": false, "overlay": {"top": "", "left": "", "style": "", "width": "", "height": ""}, "prefill": {"plugin": "", "attribute": ""}, "tooltip": "", "disabled": false, "multiple": false, "redrawOn": "", "tabindex": "", "validate": {"custom": "", "unique": false, "pattern": "", "plugins": [], "multiple": false, "required": true, "maxLength": "", "minLength": "", "customPrivate": false, "strictDateValidation": false}, "autofocus": false, "encrypted": false, "hideLabel": false, "inputMask": "", "inputType": "text", "modalEdit": false, "protected": false, "refreshOn": "", "tableView": true, "attributes": {}, "deriveCity": false, "errorLabel": "", "persistent": true, "properties": {}, "spellcheck": true, "validateOn": "change", "clearOnHide": true, "conditional": {"eq": "", "show": null, "when": null}, "customClass": "", "description": "Het e-mail adres waarop u de bevestiging wilt ontvangen.", "inputFormat": "plain", "placeholder": "", "showInEmail": true, "defaultValue": "", "registration": {"attribute": ""}, "dataGridLabel": false, "labelPosition": "top", "showCharCount": false, "showWordCount": false, "calculateValue": "", "derivePostcode": "", "calculateServer": false, "isSensitiveData": false, "deriveStreetName": false, "deriveHouseNumber": "", "allowMultipleMasks": false, "customDefaultValue": "", "allowCalculateOverride": false}]}, "login_required": true, "is_reusable": false}, {"url": "http://localhost/api/v1/form-definitions/8328970e-55bf-498b-ba5e-f50e60d0c214", "uuid": "8328970e-55bf-498b-ba5e-f50e60d0c214", "name": "Vraag of klacht", "internal_name": "", "slug": "vraag-of-klacht", "configuration": {"display": "form", "components": [{"id": "e5q4osl", "key": "omschrijving", "mask": false, "rows": 3, "type": "textarea", "input": true, "label": "Omschrijving", "editor": "", "hidden": false, "prefix": "", "suffix": "", "unique": false, "widget": {"type": "input"}, "dbIndex": false, "overlay": {"top": "", "left": "", "style": "", "width": "", "height": ""}, "tooltip": "", "wysiwyg": false, "disabled": false, "multiple": false, "redrawOn": "", "tabindex": "", "validate": {"custom": "", "unique": false, "pattern": "", "plugins": [], "maxWords": "", "minWords": "", "multiple": false, "required": true, "maxLength": "", "minLength": "", "customPrivate": false, "strictDateValidation": false}, "autofocus": false, "encrypted": false, "fixedSize": true, "hideLabel": false, "inputMask": "", "inputType": "text", "modalEdit": false, "protected": false, "refreshOn": "", "tableView": true, "attributes": {}, "autoExpand": false, "errorLabel": "", "persistent": true, "properties": {}, "spellcheck": true, "validateOn": "change", "clearOnHide": true, "conditional": {"eq": "", "show": null, "when": null}, "customClass": "", "description": "Omschrijf uw vraag of klacht.", "inputFormat": "html", "placeholder": "", "showInEmail": true, "defaultValue": [], "dataGridLabel": false, "labelPosition": "top", "showCharCount": true, "showWordCount": false, "calculateValue": "", "calculateServer": false, "isSensitiveData": false, "allowMultipleMasks": false, "customDefaultValue": "", "allowCalculateOverride": false}]}, "login_required": false, "is_reusable": false}]