[{"uuid": "dba1bd03-83fc-4321-94ce-50386ebda65f", "name": "Vraag of klacht", "internal_name": "", "login_required": true, "registration_backend": "", "registration_backend_options": {}, "authentication_backends": ["digid-mock"], "payment_required": false, "payment_backend": "", "payment_backend_options": {}, "literals": {"previous_text": {"resolved": "Terug", "value": ""}, "begin_text": {"resolved": "Start", "value": ""}, "change_text": {"resolved": "Wijzigen", "value": ""}, "confirm_text": {"resolved": "Bevestigen", "value": ""}}, "product": null, "slug": "voorbeeld-vraag-of-klacht", "url": "http://localhost/api/v1/forms/dba1bd03-83fc-4321-94ce-50386ebda65f", "steps": [{"uuid": "61929b2b-c982-4000-9484-50011ce53a95", "slug": "voorbeeld-persoonsgegevens", "form_definition": "Persoonsgegevens", "index": 0, "literals": {"previous_text": {"resolved": "Vorige stap", "value": ""}, "save_text": {"resolved": "Pauzeren", "value": ""}, "next_text": {"resolved": "Volgende", "value": ""}}, "url": "http://localhost/api/v1/forms/dba1bd03-83fc-4321-94ce-50386ebda65f/steps/61929b2b-c982-4000-9484-50011ce53a95"}, {"uuid": "f766d4f9-ee4a-4924-932f-f2bf690732f4", "slug": "vraag-of-klacht", "form_definition": "Vraag of klacht", "index": 1, "literals": {"previous_text": {"resolved": "Vorige stap", "value": ""}, "save_text": {"resolved": "Pauzeren", "value": ""}, "next_text": {"resolved": "Volgende", "value": ""}}, "url": "http://localhost/api/v1/forms/dba1bd03-83fc-4321-94ce-50386ebda65f/steps/f766d4f9-ee4a-4924-932f-f2bf690732f4"}], "show_progress_indicator": true, "maintenance_mode": false, "active": true, "is_deleted": false, "submission_confirmation_template": "", "explanation_template": "", "submission_allowed": "yes", "submissions_removal_options": {"successful_submissions_removal_limit": null, "successful_submissions_removal_method": "", "incomplete_submissions_removal_limit": null, "incomplete_submissions_removal_method": "", "errored_submissions_removal_limit": null, "errored_submissions_removal_method": "", "all_submissions_removal_limit": null}, "confirmation_email_template": {"subject": "", "content": ""}, "confirmation_email_option": "global_email"}]