[{"uuid": "fe032180-6b08-4d3a-b8f8-badc07106d1e", "index": 0, "slug": "voorbeeld-persoonlijke-gegevens", "configuration": {"display": "form", "components": [{"id": "ewerdn", "key": "achternaam", "mask": false, "type": "textfield", "input": true, "label": "Achternaam", "hidden": false, "prefix": "", "suffix": "", "unique": false, "widget": {"type": "input"}, "dbIndex": false, "overlay": {"top": "", "left": "", "style": "", "width": "", "height": ""}, "prefill": {"plugin": "", "attribute": ""}, "tooltip": "", "disabled": false, "multiple": false, "redrawOn": "", "tabindex": "", "validate": {"custom": "", "unique": false, "pattern": "", "plugins": [], "multiple": false, "required": false, "maxLength": "", "minLength": "", "customPrivate": false, "strictDateValidation": false}, "autofocus": false, "encrypted": false, "hideLabel": false, "inputMask": "", "inputType": "text", "modalEdit": false, "protected": false, "refreshOn": "", "tableView": true, "attributes": {}, "deriveCity": false, "errorLabel": "", "persistent": true, "properties": {}, "spellcheck": true, "validateOn": "change", "clearOnHide": true, "conditional": {"eq": "", "show": null, "when": null}, "customClass": "", "description": "", "inputFormat": "plain", "placeholder": "", "showInEmail": false, "defaultValue": "", "registration": {"attribute": ""}, "dataGridLabel": false, "labelPosition": "top", "showCharCount": false, "showWordCount": false, "calculateValue": "", "derivePostcode": "", "calculateServer": false, "isSensitiveData": false, "deriveStreetName": false, "deriveHouseNumber": "", "allowMultipleMasks": false, "customDefaultValue": "", "allowCalculateOverride": false}, {"id": "eyvzjlg", "key": "naam", "mask": false, "type": "textfield", "input": true, "label": "Naam", "hidden": false, "prefix": "", "suffix": "", "unique": false, "widget": {"type": "input"}, "dbIndex": false, "overlay": {"top": "", "left": "", "style": "", "width": "", "height": ""}, "prefill": {"plugin": "", "attribute": ""}, "tooltip": "", "disabled": false, "multiple": false, "redrawOn": "", "tabindex": "", "validate": {"custom": "", "unique": false, "pattern": "", "plugins": [], "multiple": false, "required": false, "maxLength": "", "minLength": "", "customPrivate": false, "strictDateValidation": false}, "autofocus": false, "encrypted": false, "hideLabel": false, "inputMask": "", "inputType": "text", "modalEdit": false, "protected": false, "refreshOn": "", "tableView": true, "attributes": {}, "deriveCity": false, "errorLabel": "", "persistent": true, "properties": {}, "spellcheck": true, "validateOn": "change", "clearOnHide": true, "conditional": {"eq": "", "show": null, "when": null}, "customClass": "", "description": "", "inputFormat": "plain", "placeholder": "", "showInEmail": false, "defaultValue": "", "registration": {"attribute": ""}, "dataGridLabel": false, "labelPosition": "top", "showCharCount": false, "showWordCount": false, "calculateValue": "", "derivePostcode": "", "calculateServer": false, "isSensitiveData": false, "deriveStreetName": false, "deriveHouseNumber": "", "allowMultipleMasks": false, "customDefaultValue": "", "allowCalculateOverride": false}, {"id": "eiikgwb", "key": "geboorteDatum", "type": "date", "input": true, "label": "Geboorte datum", "format": "dd-MM-yyyy", "hidden": false, "prefix": "", "suffix": "", "unique": false, "widget": {"mode": "single", "type": "calendar", "format": "dd-MM-yyyy", "locale": "nl", "maxDate": null, "minDate": null, "readOnly": false, "timezone": "", "time_24hr": false, "allowInput": true, "enableTime": false, "noCalendar": false, "disabledDates": null, "hourIncrement": 1, "disableFunction": null, "disableWeekdays": null, "disableWeekends": null, "minuteIncrement": 1, "displayInTimezone": "viewer", "useLocaleSettings": false, "submissionTimezone": null}, "dbIndex": false, "overlay": {"top": "", "left": "", "style": "", "width": "", "height": ""}, "prefill": {"plugin": "", "attribute": ""}, "tooltip": "", "disabled": false, "multiple": false, "redrawOn": "", "tabindex": "", "timezone": "", "validate": {"custom": "", "unique": false, "plugins": [], "multiple": false, "required": true, "customPrivate": false, "strictDateValidation": false}, "autofocus": false, "encrypted": false, "hideLabel": false, "modalEdit": false, "protected": false, "refreshOn": "", "tableView": false, "allowInput": true, "attributes": {}, "datePicker": {"maxDate": null, "maxMode": "year", "minDate": null, "minMode": "day", "initDate": "", "yearRows": 4, "showWeeks": true, "startingDay": 0, "yearColumns": 5}, "enableDate": true, "enableTime": false, "errorLabel": "", "persistent": true, "properties": {}, "timePicker": {"hourStep": 1, "arrowkeys": true, "minuteStep": 1, "mousewheel": true, "showMeridian": true, "readonlyInput": false}, "validateOn": "change", "clearOnHide": true, "conditional": {"eq": "", "show": null, "when": null}, "customClass": "", "defaultDate": "", "description": "", "placeholder": "dd-mm-yyyy", "showInEmail": false, "defaultValue": "", "registration": {"attribute": ""}, "customOptions": {}, "dataGridLabel": false, "labelPosition": "top", "showCharCount": false, "showWordCount": false, "calculateValue": "", "datepickerMode": "day", "calculateServer": false, "isSensitiveData": true, "shortcutButtons": [], "displayInTimezone": "viewer", "useLocaleSettings": false, "allowMultipleMasks": false, "customDefaultValue": "", "allowCalculateOverride": false}, {"id": "ekkle9g", "key": "warning", "html": "<p><span style=\"background-color:rgb(252,252,252);color:rgb(64,64,64);\">Om een rijbewijs te kunnen aanvragen moet u ouder dan 18 jaar zijn.</span></p>", "tags": [], "type": "content", "input": false, "label": "Warning", "logic": [], "hidden": true, "prefix": "", "suffix": "", "unique": false, "widget": null, "dbIndex": false, "overlay": {"top": "", "left": "", "page": "", "style": "", "width": "", "height": ""}, "tooltip": "", "disabled": false, "multiple": false, "redrawOn": "", "tabindex": "", "validate": {"custom": "", "unique": false, "multiple": false, "required": false, "customPrivate": false, "strictDateValidation": false}, "autofocus": false, "encrypted": false, "hideLabel": false, "modalEdit": false, "protected": false, "refreshOn": "", "tableView": false, "attributes": {}, "errorLabel": "", "persistent": true, "properties": {}, "validateOn": "change", "clearOnHide": true, "conditional": {"eq": "", "json": "", "show": null, "when": null}, "customClass": "", "description": "", "placeholder": "", "defaultValue": null, "dataGridLabel": false, "labelPosition": "top", "showCharCount": false, "showWordCount": false, "calculateValue": "", "calculateServer": false, "refreshOnChange": false, "customConditional": "", "allowMultipleMasks": false, "customDefaultValue": "", "allowCalculateOverride": false}]}, "form_definition": "http://localhost/api/v1/form-definitions/7b45cad2-8e9a-4aef-b4c7-e82279e9b9ac", "name": "Persoonlijke gegevens", "internal_name": "", "url": "http://localhost/api/v1/forms/73e00791-88d7-413c-b3a2-dc10e1674908/steps/fe032180-6b08-4d3a-b8f8-badc07106d1e", "login_required": false, "is_reusable": false, "literals": {"previous_text": {"resolved": "Vorige stap", "value": ""}, "save_text": {"resolved": "Pauzeren", "value": ""}, "next_text": {"resolved": "Volgende", "value": ""}}}]