[{"uuid": "73e00791-88d7-413c-b3a2-dc10e1674908", "name": "Rijbewijs aanvraag demo", "internal_name": "", "login_required": false, "registration_backend": "", "registration_backend_options": {}, "authentication_backends": [], "payment_required": false, "payment_backend": "", "payment_backend_options": {}, "literals": {"previous_text": {"resolved": "Terug", "value": ""}, "begin_text": {"resolved": "Start", "value": ""}, "change_text": {"resolved": "Wijzigen", "value": ""}, "confirm_text": {"resolved": "Bevestigen", "value": ""}}, "product": null, "slug": "rijbewijs-aanvraag-demo", "url": "http://localhost/api/v1/forms/73e00791-88d7-413c-b3a2-dc10e1674908", "steps": [{"uuid": "fe032180-6b08-4d3a-b8f8-badc07106d1e", "slug": "voorbeeld-persoonlijke-gegevens", "form_definition": "Persoonlijke gegevens", "index": 0, "literals": {"previous_text": {"resolved": "Vorige stap", "value": ""}, "save_text": {"resolved": "Pauzeren", "value": ""}, "next_text": {"resolved": "Volgende", "value": ""}}, "url": "http://localhost/api/v1/forms/73e00791-88d7-413c-b3a2-dc10e1674908/steps/fe032180-6b08-4d3a-b8f8-badc07106d1e"}], "show_progress_indicator": true, "maintenance_mode": false, "active": true, "is_deleted": false, "submission_confirmation_template": "", "explanation_template": "", "submission_allowed": "yes", "submissions_removal_options": {"successful_submissions_removal_limit": null, "successful_submissions_removal_method": "", "incomplete_submissions_removal_limit": null, "incomplete_submissions_removal_method": "", "errored_submissions_removal_limit": null, "errored_submissions_removal_method": "", "all_submissions_removal_limit": null}, "confirmation_email_template": {"subject": "", "content": ""}, "confirmation_email_option": "global_email"}]