[{"uuid": "a29477ee-0875-4a85-822b-170f6a1d1ed4", "url": "http://localhost/api/v1/logic-rules/a29477ee-0875-4a85-822b-170f6a1d1ed4", "form": "http://localhost/api/v1/forms/73e00791-88d7-413c-b3a2-dc10e1674908", "json_logic_trigger": {">": [{"date": {"var": "geboorteDatum"}}, {"-": [{"today": []}, {"rdelta": [18, 0, 0]}]}]}, "actions": [{"component": "", "form_step": null, "action": {"type": "disable-next"}}, {"component": "warning", "form_step": null, "action": {"type": "property", "property": {"value": "hidden", "type": "bool"}, "state": false}}], "is_advanced": false}]