[{"uuid": "e72f268e-73d4-4e90-9c90-b6cd1479ee5f", "url": "http://localhost/api/v1/logic-rules/e72f268e-73d4-4e90-9c90-b6cd1479ee5f", "form": "http://localhost/api/v1/forms/95882db9-7f79-4602-a577-7058cc03a3b8", "json_logic_trigger": {"!=": [{"var": "achternaam"}, null]}, "actions": [{"component": "achternaam", "form_step": null, "action": {"type": "property", "property": {"value": "hidden", "type": "bool"}, "state": false}}, {"component": "handelsnaam", "form_step": null, "action": {"type": "property", "property": {"value": "hidden", "type": "bool"}, "state": true}}], "is_advanced": false}, {"uuid": "9ee12c97-7c10-4c57-9a91-2e0e123b22d3", "url": "http://localhost/api/v1/logic-rules/9ee12c97-7c10-4c57-9a91-2e0e123b22d3", "form": "http://localhost/api/v1/forms/95882db9-7f79-4602-a577-7058cc03a3b8", "json_logic_trigger": {"!=": [{"var": "handelsnaam"}, null]}, "actions": [{"component": "handelsnaam", "form_step": null, "action": {"type": "property", "property": {"value": "hidden", "type": "bool"}, "state": false}}, {"component": "achternaam", "form_step": null, "action": {"type": "property", "property": {"value": "hidden", "type": "bool"}, "state": true}}], "is_advanced": false}]