[{"uuid": "95882db9-7f79-4602-a577-7058cc03a3b8", "name": "Velden op basis van inlogmethode", "internal_name": "", "login_required": false, "registration_backend": "", "registration_backend_options": {}, "authentication_backends": [], "payment_required": false, "payment_backend": "", "payment_backend_options": {}, "literals": {"previous_text": {"resolved": "Terug", "value": ""}, "begin_text": {"resolved": "Start", "value": ""}, "change_text": {"resolved": "Wijzigen", "value": ""}, "confirm_text": {"resolved": "Bevestigen", "value": ""}}, "product": null, "slug": "voorbeeld-velden-op-basis-van-inlogmethode", "url": "http://localhost/api/v1/forms/95882db9-7f79-4602-a577-7058cc03a3b8", "steps": [{"uuid": "1d1af36d-ddd5-4722-a106-1b23077e89d8", "slug": "velden-op-basis-van-inlogmethode", "form_definition": "Uw gegevens", "index": 0, "literals": {"previous_text": {"resolved": "Vorige stap", "value": ""}, "save_text": {"resolved": "Pauzeren", "value": ""}, "next_text": {"resolved": "Volgende", "value": ""}}, "url": "http://localhost/api/v1/forms/95882db9-7f79-4602-a577-7058cc03a3b8/steps/1d1af36d-ddd5-4722-a106-1b23077e89d8"}], "show_progress_indicator": true, "maintenance_mode": false, "active": true, "is_deleted": false, "submission_confirmation_template": "", "explanation_template": "", "submission_allowed": "yes", "submissions_removal_options": {"successful_submissions_removal_limit": null, "successful_submissions_removal_method": "", "incomplete_submissions_removal_limit": null, "incomplete_submissions_removal_method": "", "errored_submissions_removal_limit": null, "errored_submissions_removal_method": "", "all_submissions_removal_limit": null}, "confirmation_email_template": {"subject": "", "content": ""}, "confirmation_email_option": "global_email"}]